0,1,2,3,4,5,6,7,8
0.0,0.0345611572265625,-0.0167694091796875,0.4654388427734375,-0.14993059082031257,0.5,-0.16670000000000007,0.03,-0.02
0.11852121353149414,0.0345611572265625,-0.0167694091796875,0.4502388427734374,-0.15223059082031254,0.4847999999999999,-0.16900000000000004,0.03,-0.02
0.2335205078125,0.0345916748046875,-0.01329803466796875,0.4351083251953125,-0.15710196533203136,0.4697,-0.1704000000000001,0.03,-0.02
0.3545196056365967,0.0345916748046875,-0.01329803466796875,0.4201083251953124,-0.15810196533203125,0.4546999999999999,-0.1714,0.03,-0.02
0.4665217399597168,0.0345916748046875,-0.01329803466796875,0.40520832519531247,-0.15890196533203116,0.43979999999999997,-0.1721999999999999,0.0,0.03
0.5855205059051514,0.04461669921875,-0.00986480712890625,0.38028330078125006,-0.16293519287109381,0.42490000000000006,-0.17280000000000006,0.0,0.03
0.7030484676361084,0.04461669921875,-0.00986480712890625,0.36538330078125014,-0.16343519287109376,0.41000000000000014,-0.1733,-0.06,0.22
0.8230462074279785,0.08788299560546875,-0.021331787109375,0.30731700439453125,-0.15226821289062498,0.3952,-0.17359999999999998,-0.06,0.22
0.9360466003417969,0.08788299560546875,-0.021331787109375,0.2926170043945313,-0.15236821289062497,0.38050000000000006,-0.17369999999999997,-0.06,0.22
1.0510454177856445,0.17607879638671875,-0.06012725830078125,0.18982120361328114,-0.11347274169921873,0.3658999999999999,-0.17359999999999998,-0.17,0.41
1.1600444316864014,0.2751007080078125,-0.1104888916015625,0.07619929199218767,-0.06281110839843751,0.35130000000000017,-0.1733,-0.2,0.43
1.2680449485778809,0.3604278564453125,-0.16205596923828125,-0.0237278564453125,-0.010844030761718804,0.3367,-0.17290000000000005,-0.19,0.36
1.3760476112365723,0.3604278564453125,-0.16205596923828125,-0.03812785644531269,-0.010144030761718659,0.3222999999999998,-0.1721999999999999,-0.13,0.25
1.4860458374023438,0.4248046875,-0.20587921142578125,-0.11680468750000017,0.03467921142578123,0.30799999999999983,-0.17120000000000002,-0.13,0.25
1.593047857284546,0.466217041015625,-0.23699951171875,-0.17241704101562494,0.06689951171875008,0.29380000000000006,-0.17009999999999992,-0.07,0.12
1.7013707160949707,0.48674774169921875,-0.25913238525390625,-0.2070477416992187,0.09043238525390618,0.27970000000000006,-0.16870000000000007,-0.03,0.03
1.8093647956848145,0.48309326171875,-0.27333831787109375,-0.21739326171875017,0.10623831787109372,0.2656999999999998,-0.16710000000000003,0.01,-0.07
1.9143650531768799,0.45721435546875,-0.270843505859375,-0.20531435546875,0.10564350585937499,0.2519,-0.1652,0.08,-0.18
2.020386219024658,0.41480255126953125,-0.25603485107421875,-0.17650255126953107,0.09303485107421872,0.23830000000000018,-0.16300000000000003,0.14,-0.26
2.1403679847717285,0.41480255126953125,-0.25603485107421875,-0.19000255126953114,0.09553485107421866,0.2248000000000001,-0.1605000000000001,0.14,-0.26
2.2484169006347656,0.41480255126953125,-0.25603485107421875,-0.20320255126953146,0.0983348510742188,0.2115999999999998,-0.15769999999999995,0.14,-0.26
2.3523690700531006,0.364593505859375,-0.2297821044921875,-0.1659935058593751,0.07518210449218743,0.1985999999999999,-0.15460000000000007,0.17,-0.29
2.458366632461548,0.364593505859375,-0.2297821044921875,-0.17869350585937482,0.0785821044921875,0.18590000000000018,-0.1512,0.17,-0.29
2.56536602973938,0.364593505859375,-0.2297821044921875,-0.1910935058593748,0.08238210449218752,0.1735000000000002,-0.14739999999999998,0.18,-0.3
2.67138409614563,0.31072235107421875,-0.19779205322265625,-0.14922235107421855,0.054592053222656256,0.1615000000000002,-0.1432,0.18,-0.3
2.777385950088501,0.31072235107421875,-0.19779205322265625,-0.16072235107421884,0.059092053222656205,0.1499999999999999,-0.13870000000000005,0.18,-0.3
2.8843843936920166,0.25030517578125,-0.163360595703125,-0.11140517578124998,0.02956059570312508,0.13890000000000002,-0.13379999999999992,0.17,-0.32
2.991384744644165,0.25030517578125,-0.163360595703125,-0.12190517578124993,0.03476059570312495,0.12840000000000007,-0.12860000000000005,0.17,-0.32
3.100384473800659,0.25030517578125,-0.163360595703125,-0.13160517578124997,0.04046059570312499,0.11870000000000003,-0.12290000000000001,0.17,-0.32
3.2143795490264893,0.18294525146484375,-0.13324737548828125,-0.07314525146484385,0.016347375488281246,0.1097999999999999,-0.1169,0.16,-0.31
3.32061767578125,0.18294525146484375,-0.13324737548828125,-0.07984525146484378,0.02464737548828122,0.10309999999999997,-0.10860000000000003,0.16,-0.31
3.423593759536743,0.12128448486328125,-0.10910797119140625,-0.022184484863281284,0.012207971191406264,0.09909999999999997,-0.09689999999999999,0.12,-0.28
3.5355889797210693,0.12128448486328125,-0.10910797119140625,-0.024184484863281064,0.02590797119140631,0.09710000000000019,-0.08319999999999994,0.12,-0.28
3.642590284347534,0.12128448486328125,-0.10910797119140625,-0.023784484863281108,0.04250797119140626,0.09750000000000014,-0.06659999999999999,0.12,-0.28
3.757593870162964,0.0677032470703125,-0.08802032470703125,0.03219675292968738,0.03992032470703122,0.09989999999999988,-0.04810000000000003,0.11,-0.22
3.872591257095337,0.0677032470703125,-0.08802032470703125,0.036896752929687526,0.06072032470703115,0.10460000000000003,-0.027300000000000102,0.11,-0.22
3.9835915565490723,0.0677032470703125,-0.08802032470703125,0.043596752929687455,0.08322032470703133,0.11129999999999995,-0.0047999999999999154,0.11,-0.22
4.090590476989746,0.03194427490234375,-0.06822967529296875,0.0883557250976561,0.08792967529296858,0.12029999999999985,0.01969999999999983,0.1,-0.13
4.195591926574707,0.03194427490234375,-0.06822967529296875,0.09935572509765622,0.11382967529296861,0.13129999999999997,0.04559999999999986,0.1,-0.13
4.299597978591919,0.03194427490234375,-0.06822967529296875,0.11245572509765633,0.14112967529296894,0.14440000000000008,0.07290000000000019,0.13,-0.05
4.408593416213989,0.012451171875,-0.04192352294921875,0.14724882812499995,0.1434235229492189,0.15969999999999995,0.10150000000000015,0.13,-0.05
4.517590284347534,0.012451171875,-0.04192352294921875,0.16454882812500005,0.17292352294921853,0.17700000000000005,0.13099999999999978,0.13,-0.05
4.62459397315979,0.01171112060546875,-0.0030059814453125,0.18468887939453138,0.16290598144531243,0.19640000000000013,0.15989999999999993,0.18,0.03
4.7316200733184814,0.01171112060546875,-0.0030059814453125,0.2056888793945313,0.1926059814453125,0.21740000000000004,0.1896,0.18,0.03
4.835597038269043,0.01171112060546875,-0.0030059814453125,0.22838887939453123,0.22180598144531238,0.24009999999999998,0.21879999999999988,0.23,0.13
4.944591045379639,0.0295867919921875,0.05242156982421875,0.2346132080078127,0.19637843017578138,0.2642000000000002,0.24880000000000013,0.23,0.13
5.049594879150391,0.0295867919921875,0.05242156982421875,0.26011320800781235,0.22577843017578125,0.28969999999999985,0.2782,0.23,0.13
5.153592348098755,0.06693267822265625,0.11157989501953125,0.24936732177734378,0.19662010498046856,0.3163,0.3081999999999998,0.26,0.23
5.258593320846558,0.06693267822265625,0.11157989501953125,0.2770673217773436,0.22632010498046862,0.34399999999999986,0.33789999999999987,0.26,0.23
5.3675925731658936,0.06693267822265625,0.11157989501953125,0.3057673217773438,0.25622010498046865,0.37270000000000003,0.3677999999999999,0.26,0.23
5.480592250823975,0.1275634765625,0.18021392822265625,0.2747365234374999,0.2174860717773437,0.4022999999999999,0.39769999999999994,0.3,0.32
5.5905921459198,0.1275634765625,0.18021392822265625,0.3050365234374999,0.24748607177734394,0.4325999999999999,0.4277000000000002,0.3,0.32
5.697684049606323,0.20900726318359375,0.25334930419921875,0.25469273681640603,0.20425069580078103,0.4636999999999998,0.4575999999999998,0.32,0.4
5.802590608596802,0.20900726318359375,0.25334930419921875,0.2864927368164061,0.23425069580078128,0.49549999999999983,0.48760000000000003,0.32,0.4
5.909603595733643,0.20900726318359375,0.25334930419921875,0.3187927368164063,0.2642506958007811,0.5278,0.5175999999999998,0.32,0.4
6.016742467880249,0.3125457763671875,0.3343963623046875,0.2481542236328127,0.21330363769531235,0.5607000000000002,0.5476999999999999,0.35,0.46
6.12160849571228,0.3125457763671875,0.3343963623046875,0.28145422363281236,0.2433036376953126,0.5939999999999999,0.5777000000000001,0.35,0.46
6.22763729095459,0.42501068115234375,0.41815948486328125,0.20278931884765639,0.18954051513671866,0.6278000000000001,0.6076999999999999,0.37,0.48
6.331608295440674,0.42501068115234375,0.41815948486328125,0.23708931884765638,0.21964051513671867,0.6621000000000001,0.6377999999999999,0.37,0.48
6.448634147644043,0.42501068115234375,0.41815948486328125,0.27158931884765636,0.2497405151367187,0.6966000000000001,0.6678999999999999,0.37,0.48
6.5536041259765625,0.5454483032226562,0.5083694458007812,0.1860516967773438,0.1896305541992187,0.7315,0.698,0.37,0.49
6.662604808807373,0.5454483032226562,0.5083694458007812,0.2212516967773439,0.21973055419921872,0.7667000000000002,0.7281,0.37,0.49
6.7676682472229,0.66448974609375,0.5954132080078125,0.1376102539062498,0.16278679199218749,0.8020999999999998,0.7582,0.37,0.46
6.875633478164673,0.66448974609375,0.5954132080078125,0.1733102539062501,0.1929867919921877,0.8378000000000001,0.7884000000000002,0.37,0.46
6.980705976486206,0.66448974609375,0.5954132080078125,0.20921025390624992,0.22308679199218728,0.8736999999999999,0.8184999999999998,0.37,0.46
7.085605621337891,0.77764892578125,0.6811294555664062,0.1395510742187498,0.1620705444335937,0.9171999999999998,0.8432,0.36,0.42
7.191603899002075,0.77764892578125,0.6811294555664062,0.1858510742187498,0.18057054443359366,0.9634999999999998,0.8616999999999999,0.36,0.42
7.298684358596802,0.8784255981445312,0.7609405517578125,0.13287440185546862,0.11525944824218737,1.0112999999999999,0.8761999999999999,0.33,0.36
7.402607440948486,0.8784255981445312,0.7609405517578125,0.1814744018554686,0.1270594482421874,1.0598999999999998,0.8879999999999999,0.33,0.36
7.510605573654175,0.8784255981445312,0.7609405517578125,0.23037440185546876,0.13685944824218765,1.1088,0.8978000000000002,0.33,0.36
7.6306047439575195,0.9765625,0.84283447265625,0.18153750000000013,0.0632655273437499,1.1581000000000001,0.9060999999999999,0.31,0.33
7.73565411567688,0.9765625,0.84283447265625,0.23093750000000002,0.07046552734375,1.2075,0.9133,0.31,0.33
7.840780973434448,1.07513427734375,0.9159011840820312,0.18196572265624988,0.003598815917968956,1.2570999999999999,0.9195000000000002,0.25,0.32
7.945649862289429,1.07513427734375,0.9159011840820312,0.23166572265624996,0.008998815917968805,1.3068,0.9249,0.25,0.32
8.050658464431763,1.07513427734375,0.9159011840820312,0.2814657226562498,0.013698815917968954,1.3565999999999998,0.9296000000000002,0.25,0.32
8.155654430389404,1.1764907836914062,0.9728164672851562,0.22990921630859384,-0.039116467285156276,1.4064,0.9337,0.18,0.33
8.260705471038818,1.1764907836914062,0.9728164672851562,0.2797092163085937,-0.035716467285156206,1.4562,0.9371,0.18,0.33
8.364657878875732,1.2761077880859375,1.0129165649414062,0.2299922119140625,-0.0729165649414063,1.5061,0.94,0.09,0.33
8.477653503417969,1.2761077880859375,1.0129165649414062,0.2799922119140623,-0.07051656494140612,1.5560999999999998,0.9424000000000001,0.09,0.33
8.584652662277222,1.2761077880859375,1.0129165649414062,0.32989221191406237,-0.06851656494140634,1.6059999999999999,0.9443999999999999,0.09,0.33
8.690651893615723,1.3714065551757812,1.0342330932617188,0.28459344482421844,-0.08823309326171858,1.6559999999999997,0.9460000000000002,0.0,0.33
8.796669721603394,1.3714065551757812,1.0342330932617188,0.3344934448242185,-0.08703309326171871,1.7058999999999997,0.9472,0.0,0.33
8.907745599746704,1.3714065551757812,1.0342330932617188,0.3844934448242183,-0.08603309326171882,1.7558999999999996,0.9481999999999999,0.0,0.33
9.013651132583618,1.4702377319335938,1.0364456176757812,0.33566226806640653,-0.0874456176757814,1.8059000000000003,0.9489999999999998,-0.06,0.37
9.118666887283325,1.4702377319335938,1.0364456176757812,0.3855622680664066,-0.08674561767578126,1.8558000000000003,0.9497,-0.06,0.37
9.223652601242065,1.5868911743164062,1.0245895385742188,0.3189088256835939,-0.07418953857421862,1.9058000000000002,0.9504000000000001,-0.11,0.44
9.328651189804077,1.5868911743164062,1.0245895385742188,0.36890882568359373,-0.0733895385742187,1.9558,0.9512,-0.11,0.44
9.436718940734863,1.5868911743164062,1.0245895385742188,0.4188088256835938,-0.07218953857421884,2.0057,0.9523999999999999,-0.11,0.44
9.542650938034058,1.7156524658203125,1.0079498291015625,0.3399475341796876,-0.05374982910156234,2.0556,0.9542000000000002,-0.14,0.48
9.652653455734253,1.7156524658203125,1.0079498291015625,0.38984753417968765,-0.05094982910156265,2.1055,0.9569999999999999,-0.14,0.48
9.758650779724121,1.7156524658203125,1.0079498291015625,0.43964753417968794,-0.04644982910156248,2.1553000000000004,0.9615,-0.14,0.49
9.867656707763672,1.8456878662109375,0.984344482421875,0.35911213378906215,-0.015944482421875072,2.2047999999999996,0.9683999999999999,-0.14,0.49
9.982676029205322,1.8456878662109375,0.984344482421875,0.4079121337890621,-0.005344482421874908,2.2535999999999996,0.9790000000000001,-0.14,0.49
10.088651895523071,1.98077392578125,0.9576644897460938,0.32022607421875016,0.03733551025390636,2.301,0.9950000000000001,-0.14,0.53
10.199651956558228,1.98077392578125,0.9576644897460938,0.36412607421875,0.0611355102539064,2.3449,1.0188000000000001,-0.14,0.53
10.315656661987305,1.98077392578125,0.9576644897460938,0.39932607421874966,0.09133551025390618,2.3800999999999997,1.049,-0.14,0.53
10.422649145126343,2.1309051513671875,0.93084716796875,0.28189484863281233,0.1529528320312501,2.4128,1.0838,-0.1,0.57
10.530683517456055,2.1309051513671875,0.93084716796875,0.31279484863281226,0.18965283203124983,2.4436999999999998,1.1204999999999998,-0.1,0.57
10.637666702270508,2.2752914428710938,0.9168777465820312,0.19950855712890636,0.24052225341796873,2.4748,1.1574,-0.01,0.55
10.747740507125854,2.2752914428710938,0.9168777465820312,0.23030855712890652,0.27762225341796887,2.5056000000000003,1.1945000000000001,-0.01,0.55
10.852683067321777,2.2752914428710938,0.9168777465820312,0.26180855712890594,0.3143222534179686,2.5370999999999997,1.2311999999999999,-0.01,0.55
10.957651615142822,2.4110183715820312,0.9292526245117188,0.15758162841796874,0.33854737548828107,2.5686,1.2677999999999998,0.11,0.51
11.063653945922852,2.4110183715820312,0.9292526245117188,0.18958162841796877,0.3747473754882811,2.6006,1.3039999999999998,0.11,0.51
11.17178463935852,2.5343399047851562,0.9741287231445312,0.09846009521484334,0.3658712768554686,2.6327999999999996,1.3399999999999999,0.28,0.43
11.276678800582886,2.5343399047851562,0.9741287231445312,0.13106009521484374,0.40167127685546866,2.6654,1.3758,0.28,0.43
11.382655143737793,2.5343399047851562,0.9741287231445312,0.16376009521484391,0.43727127685546874,2.6981,1.4114,0.28,0.43
11.490667581558228,2.64794921875,1.0538406372070312,0.0832507812500003,0.39295936279296884,2.7312000000000003,1.4468,0.43,0.36
11.595649003982544,2.64794921875,1.0538406372070312,0.11635078125000042,0.42815936279296896,2.7643000000000004,1.4820000000000002,0.43,0.36
11.702654838562012,2.7451171875,1.1588821411132812,0.05268281249999962,0.35811785888671865,2.7977999999999996,1.517,0.55,0.28
11.808732032775879,2.7451171875,1.1588821411132812,0.0861828124999997,0.3931178588867188,2.8312999999999997,1.552,0.55,0.28
11.91565465927124,2.7451171875,1.1588821411132812,0.11998281249999998,0.42791785888671896,2.8651,1.5868000000000002,0.55,0.28
12.02167820930481,2.8253631591796875,1.2890090942382812,0.07353684082031275,0.3323909057617187,2.8989000000000003,1.6214,0.63,0.21
12.128652095794678,2.8253631591796875,1.2890090942382812,0.10753684082031256,0.3669909057617189,2.9329,1.6560000000000001,0.63,0.21
12.235658168792725,2.8910675048828125,1.4293060302734375,0.07593249511718714,0.2611939697265626,2.9669999999999996,1.6905000000000001,0.66,0.17
12.344652891159058,2.8910675048828125,1.4293060302734375,0.11013249511718737,0.2955939697265624,3.0012,1.7248999999999999,0.66,0.17
12.451742887496948,2.8910675048828125,1.4293060302734375,0.14443249511718736,0.3298939697265624,3.0355,1.7591999999999999,0.66,0.17
12.557652950286865,2.9532623291015625,1.573883056640625,0.11663767089843713,0.2195169433593751,3.0698999999999996,1.7934,0.66,0.15
12.664652109146118,2.9532623291015625,1.573883056640625,0.15113767089843755,0.2537169433593749,3.1044,1.8276,0.66,0.15
12.772666692733765,3.0119094848632812,1.7140121459960938,0.12699051513671833,0.14768785400390616,3.1388999999999996,1.8617,0.62,0.14
12.878286123275757,3.0119094848632812,1.7140121459960938,0.16159051513671852,0.18178785400390618,3.1734999999999998,1.8958,0.62,0.14
12.985819101333618,3.0119094848632812,1.7140121459960938,0.19629051513671847,0.21578785400390643,3.2081999999999997,1.9298000000000002,0.56,0.16
13.098815679550171,3.068634033203125,1.8460845947265625,0.17426596679687467,0.11761540527343728,3.2428999999999997,1.9636999999999998,0.56,0.16
13.210811138153076,3.068634033203125,1.8460845947265625,0.20906596679687528,0.15161540527343753,3.2777000000000003,1.9977,0.56,0.16
13.321825981140137,3.1295928955078125,1.9687576293945312,0.1829071044921875,0.06284237060546882,3.3125,2.0316,0.48,0.19
13.427827835083008,3.1295928955078125,1.9687576293945312,0.21770710449218722,0.0966423706054691,3.3472999999999997,2.0654000000000003,0.48,0.19
13.540956974029541,3.1295928955078125,1.9687576293945312,0.2526071044921876,0.13054237060546914,3.3822,2.0993000000000004,0.48,0.19
13.646838426589966,3.1973953247070312,2.0778961181640625,0.21970467529296833,0.055203881835937274,3.4170999999999996,2.1330999999999998,0.41,0.23
13.75483250617981,3.1973953247070312,2.0778961181640625,0.2546046752929687,0.08900388183593755,3.452,2.1669,0.41,0.23
13.859843254089355,3.1973953247070312,2.0778961181640625,0.28960467529296885,0.12280388183593782,3.487,2.2007000000000003,0.32,0.28
13.992838859558105,3.2751998901367188,2.1722259521484375,0.2468001098632815,0.06217404785156244,3.5220000000000002,2.2344,0.32,0.28
14.098877191543579,3.2751998901367188,2.1722259521484375,0.28180010986328163,0.09587404785156206,3.5570000000000004,2.2680999999999996,0.32,0.28
14.211892127990723,3.365142822265625,2.25567626953125,0.22685717773437464,0.046223730468749835,3.5919999999999996,2.3019,0.26,0.33
14.325875997543335,3.365142822265625,2.25567626953125,0.2618571777343748,0.07992373046875034,3.627,2.3356000000000003,0.26,0.33
14.434874534606934,3.365142822265625,2.25567626953125,0.2969571777343747,0.1135237304687502,3.6620999999999997,2.3692,0.26,0.33
14.551879405975342,3.365142822265625,2.25567626953125,0.33195717773437483,0.1472237304687498,3.6971,2.4029,0.21,0.37
14.667874813079834,3.4636688232421875,2.328887939453125,0.26853117675781224,0.10771206054687532,3.7321999999999997,2.4366000000000003,0.21,0.37
14.772900581359863,3.4636688232421875,2.328887939453125,0.30363117675781215,0.14131206054687517,3.7672999999999996,2.4702,0.21,0.37
14.882871866226196,3.4636688232421875,2.328887939453125,0.33873117675781206,0.1750120605468748,3.8023999999999996,2.5039,0.18,0.41
14.998896598815918,3.5666961669921875,2.38543701171875,0.27080383300781286,0.15206298828124964,3.8375000000000004,2.5374999999999996,0.18,0.41
15.104390621185303,3.5666961669921875,2.38543701171875,0.30590383300781276,0.18576298828125015,3.8726000000000003,2.5712,0.18,0.41
15.215418815612793,3.682464599609375,2.4459762573242188,0.22533540039062494,0.15882374267578125,3.9078,2.6048,0.21,0.47
15.321394443511963,3.682464599609375,2.4459762573242188,0.26043540039062485,0.1924237426757811,3.9429,2.6384,0.21,0.47
15.430394649505615,3.682464599609375,2.4459762573242188,0.29553540039062476,0.22602374267578096,3.9779999999999998,2.6719999999999997,0.21,0.47
15.540389776229858,3.8023605346679688,2.51422119140625,0.21083946533203157,0.19137880859374956,4.0132,2.7055999999999996,0.25,0.49
15.646390914916992,3.8023605346679688,2.51422119140625,0.24593946533203148,0.2249788085937503,4.0483,2.7392000000000003,0.25,0.49
15.757418632507324,3.9178085327148438,2.582733154296875,0.16569146728515616,0.19006684570312515,4.0835,2.7728,0.26,0.47
15.863391160964966,3.9178085327148438,2.582733154296875,0.20089146728515583,0.223666845703125,4.1187,2.8064,0.26,0.47
15.989400386810303,3.9178085327148438,2.582733154296875,0.23599146728515663,0.25726684570312486,4.1538,2.84,0.3,0.45
16.10038995742798,4.031455993652344,2.6598129272460938,0.1575440063476563,0.21378707275390596,4.189,2.8735999999999997,0.3,0.45
16.215392112731934,4.1421966552734375,2.7438735961914062,0.08200334472656223,0.1633264038085933,4.2242,2.9071999999999996,0.32,0.43
16.325392961502075,4.254295349121094,2.8346633911132812,0.005104650878906547,0.10613660888671905,4.2594,2.9408000000000003,0.35,0.42
16.436391830444336,4.254295349121094,2.8346633911132812,0.040204650878906456,0.1397366088867189,4.2945,2.9744,0.35,0.42
16.544397115707397,4.355842590332031,2.91961669921875,-0.026142590332031368,0.08838330078125001,4.3297,3.008,0.33,0.35
16.65242290496826,4.355842590332031,2.91961669921875,0.009057409667968308,0.12188330078125009,4.3649,3.0415,0.33,0.35
16.758394479751587,4.355842590332031,2.91961669921875,0.04425740966796887,0.15548330078124994,4.4001,3.0751,0.26,0.23
16.873392820358276,4.433647155761719,2.9897918701171875,0.0016528442382810482,0.1189081298828123,4.4353,3.1087,0.26,0.23
16.984392404556274,4.433647155761719,2.9897918701171875,0.03675284423828096,0.15250812988281215,4.4704,3.1422999999999996,0.26,0.23
17.09139585494995,4.490715026855469,3.051055908203125,0.014884973144531521,0.12474409179687473,4.5056,3.1757999999999997,0.24,0.14
17.200423002243042,4.490715026855469,3.051055908203125,0.0500849731445312,0.1583440917968746,4.5408,3.2093999999999996,0.24,0.14
17.305397272109985,4.547676086425781,3.1187744140625,0.028323913574218373,0.12422558593750033,4.576,3.2430000000000003,0.26,0.14
17.41841983795166,4.547676086425781,3.1187744140625,0.06352391357421894,0.15782558593750018,4.6112,3.2766,0.26,0.14
17.52639150619507,4.547676086425781,3.1187744140625,0.09872391357421861,0.19132558593750026,4.6464,3.3101000000000003,0.26,0.13
17.637423992156982,4.5983123779296875,3.1884384155273438,0.08328762207031293,0.15526158447265637,4.6816,3.3437,0.26,0.13
17.743457317352295,4.5983123779296875,3.1884384155273438,0.1184876220703126,0.18886158447265622,4.7168,3.3773,0.26,0.13
17.8504581451416,4.6426239013671875,3.2549591064453125,0.10937609863281228,0.15594089355468732,4.752,3.4109,0.26,0.12
17.96045446395874,4.6426239013671875,3.2549591064453125,0.14457609863281284,0.1894408935546874,4.7872,3.4444,0.26,0.12
18.070454835891724,4.689292907714844,3.3246994018554688,0.13310709228515627,0.153300598144531,4.8224,3.4779999999999998,0.29,0.16
18.187459230422974,4.689292907714844,3.3246994018554688,0.16830709228515595,0.18690059814453086,4.8576,3.5115999999999996,0.29,0.16
18.296462297439575,4.689292907714844,3.3246994018554688,0.2035070922851565,0.22040059814453095,4.8928,3.5450999999999997,0.3,0.2
18.41845464706421,4.7439117431640625,3.3960037231445312,0.18408825683593744,0.1826962768554692,4.928,3.5787000000000004,0.3,0.2
18.52545738220215,4.7439117431640625,3.3960037231445312,0.2192882568359371,0.21629627685546904,4.9632,3.6123000000000003,0.3,0.2
18.63545823097229,4.807792663574219,3.46722412109375,0.19060733642578143,0.17857587890625037,4.9984,3.6458000000000004,0.31,0.25
18.74346160888672,4.807792663574219,3.46722412109375,0.2258073364257811,0.21217587890625023,5.0336,3.6794000000000002,0.31,0.25
18.852458715438843,4.88433837890625,3.5431365966796875,0.18446162109375042,0.16986340332031258,5.0688,3.713,0.35,0.32
18.959473133087158,4.88433837890625,3.5431365966796875,0.2196616210937501,0.20336340332031266,5.104,3.7465,0.35,0.32
19.064598560333252,4.88433837890625,3.5431365966796875,0.25486162109374977,0.23696340332031252,5.1392,3.7801,0.35,0.32
19.173457145690918,4.9698028564453125,3.6236343383789062,0.20459714355468783,0.19006566162109362,5.1744,3.8137,0.36,0.35
19.282598972320557,4.9698028564453125,3.6236343383789062,0.2397971435546875,0.2235656616210937,5.2096,3.8472,0.36,0.35
19.39145588874817,5.061805725097656,3.7071685791015625,0.18299427490234343,0.1736314208984373,5.2448,3.8808,0.37,0.38
19.502455472946167,5.061805725097656,3.7071685791015625,0.218194274902344,0.20723142089843716,5.28,3.9143999999999997,0.37,0.38
19.61655592918396,5.061805725097656,3.7071685791015625,0.2533942749023437,0.24073142089843724,5.3152,3.9478999999999997,0.37,0.38
19.726455450057983,5.163719177246094,3.800872802734375,0.18668082275390585,0.1806271972656246,5.3504,3.9814999999999996,0.41,0.42
19.834559679031372,5.163719177246094,3.800872802734375,0.22188082275390641,0.21412719726562468,5.3856,4.015,0.41,0.42
19.94145917892456,5.272407531738281,3.8993911743164062,0.14469246826171833,0.1544088256835936,5.4171,4.0538,0.41,0.44
20.052454233169556,5.272407531738281,3.8993911743164062,0.16999246826171888,0.19750882568359351,5.4424,4.0969,0.41,0.44
20.160459518432617,5.272407531738281,3.8993911743164062,0.18919246826171854,0.2437088256835933,5.4616,4.1431,0.41,0.44
20.267457246780396,5.390205383300781,4.001350402832031,0.08579461669921873,0.1896495971679686,5.476,4.191,0.42,0.45
20.375455141067505,5.390205383300781,4.001350402832031,0.09679461669921885,0.23834959716796877,5.487,4.2397,0.42,0.45
20.485453844070435,5.506065368652344,4.1015777587890625,-0.01006536865234331,0.18732224121093743,5.496,4.2889,0.42,0.42
20.595457553863525,5.506065368652344,4.1015777587890625,-0.0025653686523430252,0.23672224121093777,5.503500000000001,4.3383,0.42,0.42
20.703585147857666,5.506065368652344,4.1015777587890625,0.00383463134765627,0.28632224121093763,5.5099,4.3879,0.42,0.42
20.81934666633606,5.607215881347656,4.206077575683594,-0.09171588134765685,0.23142242431640625,5.515499999999999,4.4375,0.44,0.35
20.933454275131226,5.607215881347656,4.206077575683594,-0.08681588134765583,0.28122242431640654,5.5204,4.4873,0.44,0.35
21.044461011886597,5.6808929443359375,4.316703796386719,-0.15619294433593822,0.22039620361328094,5.524699999999999,4.5371,0.47,0.21
21.161455154418945,5.6808929443359375,4.316703796386719,-0.1523929443359382,0.2701962036132812,5.528499999999999,4.5869,0.47,0.21
21.276456832885742,5.6808929443359375,4.316703796386719,-0.14889294433593747,0.3200962036132813,5.532,4.6368,0.47,0.21
21.38445520401001,5.725944519042969,4.441139221191406,-0.1909445190429686,0.24556077880859384,5.535,4.6867,0.5,0.09
21.494454860687256,5.725944519042969,4.441139221191406,-0.18814451904296803,0.2954607788085939,5.537800000000001,4.7366,0.5,0.09
21.601458311080933,5.745208740234375,4.568046569824219,-0.20490874023437478,0.21855343017578122,5.5403,4.7866,0.52,-0.01
21.714454412460327,5.745208740234375,4.568046569824219,-0.20270874023437457,0.26845343017578127,5.5425,4.8365,0.52,-0.01
21.823455810546875,5.745208740234375,4.568046569824219,-0.20060874023437414,0.3184534301757811,5.544600000000001,4.8865,0.52,-0.09
21.93794298171997,5.7480621337890625,4.6979827880859375,-0.20146213378906275,0.2384172119140624,5.5466,4.9364,0.52,-0.09
22.048025608062744,5.7480621337890625,4.6979827880859375,-0.19956213378906185,0.2884172119140622,5.548500000000001,4.9864,0.52,-0.09
22.154969692230225,5.733390808105469,4.823493957519531,-0.18309080810546874,0.21290604248046918,5.5503,5.0364,0.51,-0.15
22.265026330947876,5.733390808105469,4.823493957519531,-0.18119080810546961,0.26280604248046835,5.552199999999999,5.0863,0.51,-0.15
22.371941566467285,5.733390808105469,4.823493957519531,-0.1792908081054687,0.31280604248046906,5.5541,5.1363,0.53,-0.19
22.48747158050537,5.707061767578125,4.958412170410156,-0.15086176757812453,0.22778782958984412,5.5562000000000005,5.1862,0.53,-0.19
22.595487117767334,5.707061767578125,4.958412170410156,-0.14866176757812433,0.27778782958984394,5.558400000000001,5.2362,0.53,-0.19
22.710498332977295,5.674957275390625,5.092170715332031,-0.11395727539062506,0.193929284667969,5.561,5.2861,0.51,-0.2
22.820054531097412,5.674957275390625,5.092170715332031,-0.11095727539062494,0.24382928466796905,5.564,5.336,0.51,-0.2
22.9260311126709,5.674957275390625,5.092170715332031,-0.10735727539062445,0.2937292846679691,5.5676000000000005,5.3859,0.51,-0.2
23.03303074836731,5.6387176513671875,5.2258453369140625,-0.06671765136718832,0.20985466308593725,5.571999999999999,5.4357,0.52,-0.19
23.141030073165894,5.6387176513671875,5.2258453369140625,-0.06121765136718693,0.2595546630859378,5.577500000000001,5.4854,0.52,-0.19
23.267029285430908,5.6128082275390625,5.357017517089844,-0.028508227539061792,0.17788248291015663,5.584300000000001,5.5349,0.5,-0.14
23.37502694129944,5.6128082275390625,5.357017517089844,-0.019908227539062295,0.22708248291015654,5.5929,5.5841,0.5,-0.14
23.486029863357544,5.591270446777344,5.4893035888671875,0.01252955322265592,0.14359641113281274,5.6038,5.6329,0.49,-0.09
23.594063997268677,5.591270446777344,5.4893035888671875,0.0264295532226555,0.19169641113281255,5.617699999999999,5.681,0.49,-0.09
23.70208191871643,5.591270446777344,5.4893035888671875,0.04422955322265665,0.23839641113281207,5.6355,5.7277,0.49,-0.09
23.808030128479004,5.579742431640625,5.615821838378906,0.07845756835937578,0.15647816162109418,5.658200000000001,5.7723,0.45,-0.02
23.918052911758423,5.579742431640625,5.615821838378906,0.10575756835937433,0.19617816162109403,5.685499999999999,5.812,0.45,-0.02
24.024054050445557,5.579742431640625,5.615821838378906,0.13805756835937544,0.23067816162109356,5.7178,5.8465,0.45,-0.02
24.13303256034851,5.587074279785156,5.728675842285156,0.1683257202148436,0.14662415771484394,5.7554,5.8753,0.41,0.06
24.242052793502808,5.587074279785156,5.728675842285156,0.20992572021484435,0.1713241577148441,5.797000000000001,5.9,0.41,0.06
24.367045164108276,5.587074279785156,5.728675842285156,0.253525720214844,0.19242415771484378,5.8406,5.9211,0.41,0.06
24.490031480789185,5.610115051269531,5.838478088378906,0.27568494873046845,0.10162191162109391,5.8858,5.9401,0.41,0.17
24.599027633666992,5.610115051269531,5.838478088378906,0.3214849487304683,0.11882191162109379,5.9315999999999995,5.9573,0.41,0.17
24.72203230857849,5.6641082763671875,5.95074462890625,0.3137917236328125,0.02265537109374982,5.9779,5.9734,0.39,0.32
24.829031944274902,5.6641082763671875,5.95074462890625,0.36039172363281224,0.03795537109374969,6.0245,5.9887,0.39,0.32
24.952028274536133,5.758079528808594,6.0536651611328125,0.31322047119140706,-0.05006516113281201,6.071300000000001,6.0036000000000005,0.22,0.59
25.070035696029663,5.879081726074219,6.128990173339844,0.23901827392578134,-0.1108901733398433,6.1181,6.0181000000000004,0.22,0.59
25.181055784225464,5.879081726074219,6.128990173339844,0.2859182739257804,-0.09649017333984311,6.164999999999999,6.032500000000001,0.22,0.59
25.319029808044434,6.0157012939453125,6.183021545410156,0.19619870605468748,-0.13632154541015673,6.2119,6.0466999999999995,0.15,0.66
25.43202781677246,6.0157012939453125,6.183021545410156,0.2430987060546883,-0.12222154541015584,6.258800000000001,6.0608,0.15,0.66
25.549030303955078,6.0157012939453125,6.183021545410156,0.2898987060546876,-0.10802154541015696,6.3056,6.074999999999999,0.15,0.66
25.665027141571045,6.1599578857421875,6.2260284423828125,0.19244211425781188,-0.13682844238281255,6.352399999999999,6.0892,0.06,0.65
25.775066137313843,6.1599578857421875,6.2260284423828125,0.23924211425781294,-0.12272844238281166,6.3992,6.103300000000001,0.06,0.65
25.926028728485107,6.301597595214844,6.2408447265625,0.1443024047851562,-0.12324472656250052,6.4459,6.1175999999999995,-0.03,0.63
26.03305959701538,6.301597595214844,6.2408447265625,0.19100240478515573,-0.1089447265625001,6.4925999999999995,6.1319,-0.03,0.63
26.14112091064453,6.301597595214844,6.2408447265625,0.23770240478515703,-0.09464472656249967,6.539300000000001,6.1462,-0.03,0.63
26.253031969070435,6.447502136230469,6.242683410644531,0.13839786376953178,-0.08208341064453073,6.5859000000000005,6.1606000000000005,-0.07,0.62
26.36172342300415,6.447502136230469,6.242683410644531,0.18499786376953153,-0.06758341064453077,6.6325,6.1751000000000005,-0.07,0.62
26.46859884262085,6.588134765625,6.2375640869140625,0.09096523437500004,-0.04806408691406183,6.6791,6.189500000000001,-0.08,0.58
26.585593223571777,6.588134765625,6.2375640869140625,0.13746523437500002,-0.03346408691406211,6.7256,6.2041,-0.08,0.58
26.693593978881836,6.72613525390625,6.233856201171875,0.046064746093749775,-0.015156201171874883,6.7722,6.2187,-0.06,0.54
26.8045973777771,6.72613525390625,6.233856201171875,0.09246474609375,-0.0005562011718751592,6.8186,6.2333,-0.06,0.54
26.915595769882202,6.72613525390625,6.233856201171875,0.13896474609374998,0.014043798828124565,6.8651,6.2479,-0.06,0.54
27.028112173080444,6.852325439453125,6.230842590332031,0.059274560546874966,0.03175740966796958,6.9116,6.262600000000001,-0.03,0.46
27.136122226715088,6.852325439453125,6.230842590332031,0.10567456054687518,0.046457409667969074,6.958,6.2773,-0.03,0.46
27.273130178451538,6.852325439453125,6.230842590332031,0.1520745605468754,0.06125740966796833,7.0044,6.2921,0.02,0.39
27.39113163948059,6.960838317871094,6.233772277832031,0.08996168212890687,0.07312772216796937,7.050800000000001,6.306900000000001,0.02,0.39
27.52812361717224,6.960838317871094,6.233772277832031,0.13616168212890578,0.08782772216796886,7.0969999999999995,6.3216,0.02,0.39
27.645134210586548,7.0666046142578125,6.2443695068359375,0.07599538574218734,0.09183049316406233,7.1426,6.3362,0.08,0.38
27.753114223480225,7.0666046142578125,6.2443695068359375,0.1208953857421875,0.10613049316406276,7.1875,6.3505,0.08,0.38
27.862653732299805,7.0666046142578125,6.2443695068359375,0.16479538574218822,0.12023049316406187,7.231400000000001,6.364599999999999,0.08,0.38
27.97465229034424,7.174827575683594,6.2660675048828125,0.0993724243164067,0.11223249511718691,7.2742,6.378299999999999,0.16,0.36
28.08664584159851,7.174827575683594,6.2660675048828125,0.14097242431640566,0.12563249511718766,7.315799999999999,6.3917,0.16,0.36
28.194650411605835,7.2781829833984375,6.30364990234375,0.07791701660156214,0.10095009765625029,7.3561,6.4046,0.23,0.33
28.30464792251587,7.2781829833984375,6.30364990234375,0.11691701660156184,0.11355009765624935,7.395099999999999,6.417199999999999,0.23,0.33
28.41964602470398,7.2781829833984375,6.30364990234375,0.15441701660156326,0.1255500976562498,7.432600000000001,6.4292,0.28,0.32
28.531675100326538,7.379173278808594,6.35540771484375,0.08962672119140613,0.08549228515624918,7.4688,6.440899999999999,0.28,0.32
28.644647359848022,7.379173278808594,6.35540771484375,0.12482672119140581,0.09669228515624972,7.504,6.4521,0.28,0.32
28.764674186706543,7.471832275390625,6.415184020996094,0.06516772460937581,0.047615979003905906,7.537000000000001,6.4628,0.31,0.29
28.873744249343872,7.471832275390625,6.415184020996094,0.09716772460937584,0.05791597900390677,7.569000000000001,6.4731000000000005,0.31,0.29
28.982649087905884,7.561958312988281,6.4784393310546875,0.03704168701171895,0.00456066894531304,7.599,6.4830000000000005,0.33,0.28
29.090683460235596,7.561958312988281,6.4784393310546875,0.06704168701171831,0.013960668945312449,7.629,6.4924,0.33,0.28
29.200663089752197,7.646888732910156,6.5394439697265625,0.010111267089843778,-0.03804396972656221,7.657,6.5014,0.31,0.25
29.307175874710083,7.646888732910156,6.5394439697265625,0.03611126708984358,-0.029443969726562713,7.683,6.51,0.31,0.25
29.421168565750122,7.646888732910156,6.5394439697265625,0.06211126708984338,-0.021243969726562284,7.709,6.5182,0.31,0.25
29.530203104019165,7.7195281982421875,6.596763610839844,0.01347180175781304,-0.07076361083984395,7.7330000000000005,6.526,0.26,0.2
29.63919997215271,7.7195281982421875,6.596763610839844,0.03647180175781273,-0.06336361083984343,7.756,6.5334,0.26,0.2
29.764172077178955,7.7757415771484375,6.646842956542969,0.002258422851562969,-0.10634295654296899,7.7780000000000005,6.5405,0.22,0.16
29.874170541763306,7.7757415771484375,6.646842956542969,0.022258422851562543,-0.09964295654296862,7.798,6.5472,0.22,0.16
29.984196186065674,7.7757415771484375,6.646842956542969,0.042258422851562116,-0.09324295654296932,7.818,6.553599999999999,0.17,0.14
30.12316870689392,7.830390930175781,6.6867828369140625,0.006609069824218494,-0.12708283691406308,7.837,6.559699999999999,0.17,0.14
30.232179403305054,7.830390930175781,6.6867828369140625,0.024609069824219176,-0.12138283691406215,7.855,6.5654,0.17,0.14
30.352171421051025,7.879264831542969,6.717315673828125,-0.00826483154296831,-0.14641567382812504,7.871,6.5709,0.12,0.13
30.463218212127686,7.879264831542969,6.717315673828125,0.007735168457031705,-0.14121567382812472,7.8870000000000005,6.5761,0.12,0.13
30.572168827056885,7.879264831542969,6.717315673828125,0.02373516845703172,-0.13631567382812548,7.9030000000000005,6.5809999999999995,0.12,0.13
30.681172609329224,7.923561096191406,6.739044189453125,-0.006561096191406435,-0.15344418945312555,7.917,6.5855999999999995,0.07,0.12
30.79120683670044,7.923561096191406,6.739044189453125,0.0074389038085929116,-0.14894418945312538,7.930999999999999,6.5901,0.07,0.12
30.89817237854004,7.923561096191406,6.739044189453125,0.019438903808593366,-0.14484418945312427,7.943,6.594200000000001,0.02,0.1
31.021175861358643,7.961723327636719,6.751747131347656,-0.005723327636719233,-0.15354713134765596,7.9559999999999995,6.5982,0.02,0.1
31.13917326927185,7.995796203613281,6.75433349609375,-0.028796203613280724,-0.15243349609374945,7.9670000000000005,6.6019000000000005,-0.01,0.1
31.259174346923828,7.995796203613281,6.75433349609375,-0.01779620361328149,-0.14883349609375074,7.978,6.605499999999999,-0.01,0.1
31.42317295074463,7.995796203613281,6.75433349609375,-0.006796203613280483,-0.14553349609374955,7.989000000000001,6.6088000000000005,-0.01,0.1
